Workbook

Sheet SCAN
A1: SCAN or TYPE NUMBER include N or S (last two digits on card not required) | B1: BARCODE CHECK | C1: Name | D1: Acrylic number of new sheets | E1: Ply number of new sheets | F1: HDF number of new sheets | H1: Acrylic total used | I1: Ply total used | J1: HDF total used | K1: ='Group List A'!D2 -> EGx101 | L1: Acrylic total used | M1: Ply total used | N1: HDF total used | O1: KIT collect | P1: KITS colle cted | Q1: ='Group List B'!D2 -> EGB210 | R1: Acrylic total used | S1: Ply total used | T1: HDF total used | U1: KIT collect | V1: KITS colle cted | W1: SPECIAL GROUP | X1: Acrylic number of new sheets | Y1: Ply number of new sheets | Z1: HDF number of new sheets | AB1: Acrylic MAX per student | AC1: Plywood MAX per student | AD1: HDF MAX per student | AF1: Scanned Barcode (with corrections if needed) | AG1: Staff or Student or Visitor ? | AH1: Corrected number format | AI1: Student Number without "N" | AK1: SHEET QUANTITY dropdown | AL1: KIT QUANTITY (unit blue) dropdown | AM1: KIT QUANTITY (unit yellow) dropdown | AN1: SPECIAL GROUPS dropdown | AO1: SPECIAL GROUPS QUANTITY dropdown | AQ1: Document version number | AR1: 14
C2: {=IF(AF2<>"", IFERROR(INDEX('LaunchPad Markbook'!A:A,MATCH(AH2,'LaunchPad Markbook'!D:D,0),0),"-"),"")} | G2: =IF(OR(H2>AB$2,I2>AC$2,J2>AD$2, P2>1,V2>1, L2>'Group List A'!E$2,M2>'Group List A'!F$2,N2>'Group List A'!G$2, R2>'Group List B'!E$2,S2>'Group List B'!F$2,T2>'Group List B'!G$2),"Exceed", IF(OR(H2=AB$2,I2=AC$2,J2=AD$2, P2=1,V2=1, L2='Group List A'!E$2,M2='Group List A'!F$2,N2='Group List A'!G$2, R2='Group List B'!E$2,S2='Group List B'!F$2,T2='Group List B'!G$2),"Limit",0)) -> 0 | H2: =IF(AND(K2="-",Q2="-"), SUMIFS(D$2:D$2000,$AH$2:$AH$2000,$AH2),0) -> 0 | I2: =IF(AND(K2="-",Q2="-"), SUMIFS(E$2:E$2000,$AH$2:$AH$2000,$AH2),0) -> 0 | J2: =IF(AND(K2="-",Q2="-"), SUMIFS(F$2:F$2000,$AH$2:$AH$2000,$AH2),0) -> 0 | K2: {=IF(AF2<>"",IFERROR(INDEX('Group List A'!B:B,MATCH(AI2,'Group List A'!A:A,0),0),"-"),"")} | L2: =IF($K2<>"-",SUMIFS(D$2:D$2000,$K$2:$K$2000,$K2),0) -> 0 | M2: =IF($K2<>"-",SUMIFS(E$2:E$2000,$K$2:$K$2000,$K2),0) -> 0 | N2: =IF($K2<>"-",SUMIFS(F$2:F$2000,$K$2:$K$2000,$K2),0) -> 0 | P2: =SUMIFS(O$2:O$2000,$AH$2:$AH$2000,$AH2) -> 0 | Q2: {=IF(AF2<>"",IFERROR(INDEX('Group List B'!B:B,MATCH(AI2,'Group List B'!A:A,0),0),"-"),"")} | R2: =IF($Q2<>"-",SUMIFS(D$2:D$2000,$Q$2:$Q$2000,$Q2),0) -> 0 | S2: =IF($Q2<>"-",SUMIFS(E$2:E$2000,$Q$2:$Q$2000,$Q2),0) -> 0 | T2: =IF($Q2<>"-",SUMIFS(F$2:F$2000,$Q$2:$Q$2000,$Q2),0) -> 0 | V2: =SUMIFS(U$2:U$2000,$AH$2:$AH$2000,$AH2) -> 0 | AB2: 2 | AC2: 2 | AD2: 2 | AF2: =IF(A2<>"",A2,"") | AG2: =IF(MID(AF2,1,1)="N","STUDENT", IF(MID(AF2,1,1)="S","STAFF", IF(MID(AF2,1,1)="V","VISITOR", IF(AF2<>"","ERROR","")))) | AH2: =IF(AG2="STUDENT","N"&(MID(AF2,2,8)-0), IF(AG2="STAFF","S"&MID(AF2,2,8),"")) | AI2: =IF(AG2="STUDENT",(MID(AF2,2,8)-0), IF(AG2="STAFF","STAFF","")) | AK2: 1 | AL2: 1 | AM2: 1 | AN2: Motorsport | AO2: 1
C3: {=IF(AF3<>"", IFERROR(INDEX('LaunchPad Markbook'!A:A,MATCH(AH3,'LaunchPad Markbook'!D:D,0),0),"-"),"")} | G3: =IF(OR(H3>AB$2,I3>AC$2,J3>AD$2, P3>1,V3>1, L3>'Group List A'!E$2,M3>'Group List A'!F$2,N3>'Group List A'!G$2, R3>'Group List B'!E$2,S3>'Group List B'!F$2,T3>'Group List B'!G$2),"Exceed", IF(OR(H3=AB$2,I3=AC$2,J3=AD$2, P3=1,V3=1, L3='Group List A'!E$2,M3='Group List A'!F$2,N3='Group List A'!G$2, R3='Group List B'!E$2,S3='Group List B'!F$2,T3='Group List B'!G$2),"Limit",0)) -> 0 | H3: =IF(AND(K3="-",Q3="-"), SUMIFS(D$2:D$2000,$AH$2:$AH$2000,$AH3),0) -> 0 | I3: =IF(AND(K3="-",Q3="-"), SUMIFS(E$2:E$2000,$AH$2:$AH$2000,$AH3),0) -> 0 | J3: =IF(AND(K3="-",Q3="-"), SUMIFS(F$2:F$2000,$AH$2:$AH$2000,$AH3),0) -> 0 | K3: {=IF(AF3<>"",IFERROR(INDEX('Group List A'!B:B,MATCH(AI3,'Group List A'!A:A,0),0),"-"),"")} | L3: =IF($K3<>"-",SUMIFS(D$2:D$2000,$K$2:$K$2000,$K3),0) -> 0 | M3: =IF($K3<>"-",SUMIFS(E$2:E$2000,$K$2:$K$2000,$K3),0) -> 0 | N3: =IF($K3<>"-",SUMIFS(F$2:F$2000,$K$2:$K$2000,$K3),0) -> 0 | P3: =SUMIFS(O$2:O$2000,$AH$2:$AH$2000,$AH3) -> 0 | Q3: {=IF(AF3<>"",IFERROR(INDEX('Group List B'!B:B,MATCH(AI3,'Group List B'!A:A,0),0),"-"),"")} | R3: =IF($Q3<>"-",SUMIFS(D$2:D$2000,$Q$2:$Q$2000,$Q3),0) -> 0 | S3: =IF($Q3<>"-",SUMIFS(E$2:E$2000,$Q$2:$Q$2000,$Q3),0) -> 0 | T3: =IF($Q3<>"-",SUMIFS(F$2:F$2000,$Q$2:$Q$2000,$Q3),0) -> 0 | V3: =SUMIFS(U$2:U$2000,$AH$2:$AH$2000,$AH3) -> 0 | AF3: =IF(A3<>"",A3,"") | AG3: =IF(MID(AF3,1,1)="N","STUDENT", IF(MID(AF3,1,1)="S","STAFF", IF(MID(AF3,1,1)="V","VISITOR", IF(AF3<>"","ERROR","")))) | AH3: =IF(AG3="STUDENT","N"&(MID(AF3,2,8)-0), IF(AG3="STAFF","S"&MID(AF3,2,8),"")) | AI3: =IF(AG3="STUDENT",(MID(AF3,2,8)-0), IF(AG3="STAFF","STAFF","")) | AK3: 2 | AN3: EGB345 | AO3: 2
C4: {=IF(AF4<>"", IFERROR(INDEX('LaunchPad Markbook'!A:A,MATCH(AH4,'LaunchPad Markbook'!D:D,0),0),"-"),"")} | G4: =IF(OR(H4>AB$2,I4>AC$2,J4>AD$2, P4>1,V4>1, L4>'Group List A'!E$2,M4>'Group List A'!F$2,N4>'Group List A'!G$2, R4>'Group List B'!E$2,S4>'Group List B'!F$2,T4>'Group List B'!G$2),"Exceed", IF(OR(H4=AB$2,I4=AC$2,J4=AD$2, P4=1,V4=1, L4='Group List A'!E$2,M4='Group List A'!F$2,N4='Group List A'!G$2, R4='Group List B'!E$2,S4='Group List B'!F$2,T4='Group List B'!G$2),"Limit",0)) -> 0 | H4: =IF(AND(K4="-",Q4="-"), SUMIFS(D$2:D$2000,$AH$2:$AH$2000,$AH4),0) -> 0 | I4: =IF(AND(K4="-",Q4="-"), SUMIFS(E$2:E$2000,$AH$2:$AH$2000,$AH4),0) -> 0 | J4: =IF(AND(K4="-",Q4="-"), SUMIFS(F$2:F$2000,$AH$2:$AH$2000,$AH4),0) -> 0 | K4: {=IF(AF4<>"",IFERROR(INDEX('Group List A'!B:B,MATCH(AI4,'Group List A'!A:A,0),0),"-"),"")} | L4: =IF($K4<>"-",SUMIFS(D$2:D$2000,$K$2:$K$2000,$K4),0) -> 0 | M4: =IF($K4<>"-",SUMIFS(E$2:E$2000,$K$2:$K$2000,$K4),0) -> 0 | N4: =IF($K4<>"-",SUMIFS(F$2:F$2000,$K$2:$K$2000,$K4),0) -> 0 | P4: =SUMIFS(O$2:O$2000,$AH$2:$AH$2000,$AH4) -> 0 | Q4: {=IF(AF4<>"",IFERROR(INDEX('Group List B'!B:B,MATCH(AI4,'Group List B'!A:A,0),0),"-"),"")} | R4: =IF($Q4<>"-",SUMIFS(D$2:D$2000,$Q$2:$Q$2000,$Q4),0) -> 0 | S4: =IF($Q4<>"-",SUMIFS(E$2:E$2000,$Q$2:$Q$2000,$Q4),0) -> 0 | T4: =IF($Q4<>"-",SUMIFS(F$2:F$2000,$Q$2:$Q$2000,$Q4),0) -> 0 | V4: =SUMIFS(U$2:U$2000,$AH$2:$AH$2000,$AH4) -> 0 | AF4: =IF(A4<>"",A4,"") | AG4: =IF(MID(AF4,1,1)="N","STUDENT", IF(MID(AF4,1,1)="S","STAFF", IF(MID(AF4,1,1)="V","VISITOR", IF(AF4<>"","ERROR","")))) | AH4: =IF(AG4="STUDENT","N"&(MID(AF4,2,8)-0), IF(AG4="STAFF","S"&MID(AF4,2,8),"")) | AI4: =IF(AG4="STUDENT",(MID(AF4,2,8)-0), IF(AG4="STAFF","STAFF","")) | AK4: 3 | AN4: EGB320 | AO4: 3
C5: {=IF(AF5<>"", IFERROR(INDEX('LaunchPad Markbook'!A:A,MATCH(AH5,'LaunchPad Markbook'!D:D,0),0),"-"),"")} | G5: =IF(OR(H5>AB$2,I5>AC$2,J5>AD$2, P5>1,V5>1, L5>'Group List A'!E$2,M5>'Group List A'!F$2,N5>'Group List A'!G$2, R5>'Group List B'!E$2,S5>'Group List B'!F$2,T5>'Group List B'!G$2),"Exceed", IF(OR(H5=AB$2,I5=AC$2,J5=AD$2, P5=1,V5=1, L5='Group List A'!E$2,M5='Group List A'!F$2,N5='Group List A'!G$2, R5='Group List B'!E$2,S5='Group List B'!F$2,T5='Group List B'!G$2),"Limit",0)) -> 0 | H5: =IF(AND(K5="-",Q5="-"), SUMIFS(D$2:D$2000,$AH$2:$AH$2000,$AH5),0) -> 0 | I5: =IF(AND(K5="-",Q5="-"), SUMIFS(E$2:E$2000,$AH$2:$AH$2000,$AH5),0) -> 0 | J5: =IF(AND(K5="-",Q5="-"), SUMIFS(F$2:F$2000,$AH$2:$AH$2000,$AH5),0) -> 0 | K5: {=IF(AF5<>"",IFERROR(INDEX('Group List A'!B:B,MATCH(AI5,'Group List A'!A:A,0),0),"-"),"")} | L5: =IF($K5<>"-",SUMIFS(D$2:D$2000,$K$2:$K$2000,$K5),0) -> 0 | M5: =IF($K5<>"-",SUMIFS(E$2:E$2000,$K$2:$K$2000,$K5),0) -> 0 | N5: =IF($K5<>"-",SUMIFS(F$2:F$2000,$K$2:$K$2000,$K5),0) -> 0 | P5: =SUMIFS(O$2:O$2000,$AH$2:$AH$2000,$AH5) -> 0 | Q5: {=IF(AF5<>"",IFERROR(INDEX('Group List B'!B:B,MATCH(AI5,'Group List B'!A:A,0),0),"-"),"")} | R5: =IF($Q5<>"-",SUMIFS(D$2:D$2000,$Q$2:$Q$2000,$Q5),0) -> 0 | S5: =IF($Q5<>"-",SUMIFS(E$2:E$2000,$Q$2:$Q$2000,$Q5),0) -> 0 | T5: =IF($Q5<>"-",SUMIFS(F$2:F$2000,$Q$2:$Q$2000,$Q5),0) -> 0 | V5: =SUMIFS(U$2:U$2000,$AH$2:$AH$2000,$AH5) -> 0 | AF5: =IF(A5<>"",A5,"") | AG5: =IF(MID(AF5,1,1)="N","STUDENT", IF(MID(AF5,1,1)="S","STAFF", IF(MID(AF5,1,1)="V","VISITOR", IF(AF5<>"","ERROR","")))) | AH5: =IF(AG5="STUDENT","N"&(MID(AF5,2,8)-0), IF(AG5="STAFF","S"&MID(AF5,2,8),"")) | AI5: =IF(AG5="STUDENT",(MID(AF5,2,8)-0), IF(AG5="STAFF","STAFF","")) | AN5: EGH400 | AO5: 4
C6: {=IF(AF6<>"", IFERROR(INDEX('LaunchPad Markbook'!A:A,MATCH(AH6,'LaunchPad Markbook'!D:D,0),0),"-"),"")} | G6: =IF(OR(H6>AB$2,I6>AC$2,J6>AD$2, P6>1,V6>1, L6>'Group List A'!E$2,M6>'Group List A'!F$2,N6>'Group List A'!G$2, R6>'Group List B'!E$2,S6>'Group List B'!F$2,T6>'Group List B'!G$2),"Exceed", IF(OR(H6=AB$2,I6=AC$2,J6=AD$2, P6=1,V6=1, L6='Group List A'!E$2,M6='Group List A'!F$2,N6='Group List A'!G$2, R6='Group List B'!E$2,S6='Group List B'!F$2,T6='Group List B'!G$2),"Limit",0)) -> 0 | H6: =IF(AND(K6="-",Q6="-"), SUMIFS(D$2:D$2000,$AH$2:$AH$2000,$AH6),0) -> 0 | I6: =IF(AND(K6="-",Q6="-"), SUMIFS(E$2:E$2000,$AH$2:$AH$2000,$AH6),0) -> 0 | J6: =IF(AND(K6="-",Q6="-"), SUMIFS(F$2:F$2000,$AH$2:$AH$2000,$AH6),0) -> 0 | K6: {=IF(AF6<>"",IFERROR(INDEX('Group List A'!B:B,MATCH(AI6,'Group List A'!A:A,0),0),"-"),"")} | L6: =IF($K6<>"-",SUMIFS(D$2:D$2000,$K$2:$K$2000,$K6),0) -> 0 | M6: =IF($K6<>"-",SUMIFS(E$2:E$2000,$K$2:$K$2000,$K6),0) -> 0 | N6: =IF($K6<>"-",SUMIFS(F$2:F$2000,$K$2:$K$2000,$K6),0) -> 0 | P6: =SUMIFS(O$2:O$2000,$AH$2:$AH$2000,$AH6) -> 0 | Q6: {=IF(AF6<>"",IFERROR(INDEX('Group List B'!B:B,MATCH(AI6,'Group List B'!A:A,0),0),"-"),"")} | R6: =IF($Q6<>"-",SUMIFS(D$2:D$2000,$Q$2:$Q$2000,$Q6),0) -> 0 | S6: =IF($Q6<>"-",SUMIFS(E$2:E$2000,$Q$2:$Q$2000,$Q6),0) -> 0 | T6: =IF($Q6<>"-",SUMIFS(F$2:F$2000,$Q$2:$Q$2000,$Q6),0) -> 0 | V6: =SUMIFS(U$2:U$2000,$AH$2:$AH$2000,$AH6) -> 0 | AF6: =IF(A6<>"",A6,"") | AG6: =IF(MID(AF6,1,1)="N","STUDENT", IF(MID(AF6,1,1)="S","STAFF", IF(MID(AF6,1,1)="V","VISITOR", IF(AF6<>"","ERROR","")))) | AH6: =IF(AG6="STUDENT","N"&(MID(AF6,2,8)-0), IF(AG6="STAFF","S"&MID(AF6,2,8),"")) | AI6: =IF(AG6="STUDENT",(MID(AF6,2,8)-0), IF(AG6="STAFF","STAFF","")) | AN6: FoE staff
C7: {=IF(AF7<>"", IFERROR(INDEX('LaunchPad Markbook'!A:A,MATCH(AH7,'LaunchPad Markbook'!D:D,0),0),"-"),"")} | G7: =IF(OR(H7>AB$2,I7>AC$2,J7>AD$2, P7>1,V7>1, L7>'Group List A'!E$2,M7>'Group List A'!F$2,N7>'Group List A'!G$2, R7>'Group List B'!E$2,S7>'Group List B'!F$2,T7>'Group List B'!G$2),"Exceed", IF(OR(H7=AB$2,I7=AC$2,J7=AD$2, P7=1,V7=1, L7='Group List A'!E$2,M7='Group List A'!F$2,N7='Group List A'!G$2, R7='Group List B'!E$2,S7='Group List B'!F$2,T7='Group List B'!G$2),"Limit",0)) -> 0 | H7: =IF(AND(K7="-",Q7="-"), SUMIFS(D$2:D$2000,$AH$2:$AH$2000,$AH7),0) -> 0 | I7: =IF(AND(K7="-",Q7="-"), SUMIFS(E$2:E$2000,$AH$2:$AH$2000,$AH7),0) -> 0 | J7: =IF(AND(K7="-",Q7="-"), SUMIFS(F$2:F$2000,$AH$2:$AH$2000,$AH7),0) -> 0 | K7: {=IF(AF7<>"",IFERROR(INDEX('Group List A'!B:B,MATCH(AI7,'Group List A'!A:A,0),0),"-"),"")} | L7: =IF($K7<>"-",SUMIFS(D$2:D$2000,$K$2:$K$2000,$K7),0) -> 0 | M7: =IF($K7<>"-",SUMIFS(E$2:E$2000,$K$2:$K$2000,$K7),0) -> 0 | N7: =IF($K7<>"-",SUMIFS(F$2:F$2000,$K$2:$K$2000,$K7),0) -> 0 | P7: =SUMIFS(O$2:O$2000,$AH$2:$AH$2000,$AH7) -> 0 | Q7: {=IF(AF7<>"",IFERROR(INDEX('Group List B'!B:B,MATCH(AI7,'Group List B'!A:A,0),0),"-"),"")} | R7: =IF($Q7<>"-",SUMIFS(D$2:D$2000,$Q$2:$Q$2000,$Q7),0) -> 0 | S7: =IF($Q7<>"-",SUMIFS(E$2:E$2000,$Q$2:$Q$2000,$Q7),0) -> 0 | T7: =IF($Q7<>"-",SUMIFS(F$2:F$2000,$Q$2:$Q$2000,$Q7),0) -> 0 | V7: =SUMIFS(U$2:U$2000,$AH$2:$AH$2000,$AH7) -> 0 | AF7: =IF(A7<>"",A7,"") | AG7: =IF(MID(AF7,1,1)="N","STUDENT", IF(MID(AF7,1,1)="S","STAFF", IF(MID(AF7,1,1)="V","VISITOR", IF(AF7<>"","ERROR","")))) | AH7: =IF(AG7="STUDENT","N"&(MID(AF7,2,8)-0), IF(AG7="STAFF","S"&MID(AF7,2,8),"")) | AI7: =IF(AG7="STUDENT",(MID(AF7,2,8)-0), IF(AG7="STAFF","STAFF","")) | AN7: FoS staff
C8: {=IF(AF8<>"", IFERROR(INDEX('LaunchPad Markbook'!A:A,MATCH(AH8,'LaunchPad Markbook'!D:D,0),0),"-"),"")} | G8: =IF(OR(H8>AB$2,I8>AC$2,J8>AD$2, P8>1,V8>1, L8>'Group List A'!E$2,M8>'Group List A'!F$2,N8>'Group List A'!G$2, R8>'Group List B'!E$2,S8>'Group List B'!F$2,T8>'Group List B'!G$2),"Exceed", IF(OR(H8=AB$2,I8=AC$2,J8=AD$2, P8=1,V8=1, L8='Group List A'!E$2,M8='Group List A'!F$2,N8='Group List A'!G$2, R8='Group List B'!E$2,S8='Group List B'!F$2,T8='Group List B'!G$2),"Limit",0)) -> 0 | H8: =IF(AND(K8="-",Q8="-"), SUMIFS(D$2:D$2000,$AH$2:$AH$2000,$AH8),0) -> 0 | I8: =IF(AND(K8="-",Q8="-"), SUMIFS(E$2:E$2000,$AH$2:$AH$2000,$AH8),0) -> 0 | J8: =IF(AND(K8="-",Q8="-"), SUMIFS(F$2:F$2000,$AH$2:$AH$2000,$AH8),0) -> 0 | K8: {=IF(AF8<>"",IFERROR(INDEX('Group List A'!B:B,MATCH(AI8,'Group List A'!A:A,0),0),"-"),"")} | L8: =IF($K8<>"-",SUMIFS(D$2:D$2000,$K$2:$K$2000,$K8),0) -> 0 | M8: =IF($K8<>"-",SUMIFS(E$2:E$2000,$K$2:$K$2000,$K8),0) -> 0 | N8: =IF($K8<>"-",SUMIFS(F$2:F$2000,$K$2:$K$2000,$K8),0) -> 0 | P8: =SUMIFS(O$2:O$2000,$AH$2:$AH$2000,$AH8) -> 0 | Q8: {=IF(AF8<>"",IFERROR(INDEX('Group List B'!B:B,MATCH(AI8,'Group List B'!A:A,0),0),"-"),"")} | R8: =IF($Q8<>"-",SUMIFS(D$2:D$2000,$Q$2:$Q$2000,$Q8),0) -> 0 | S8: =IF($Q8<>"-",SUMIFS(E$2:E$2000,$Q$2:$Q$2000,$Q8),0) -> 0 | T8: =IF($Q8<>"-",SUMIFS(F$2:F$2000,$Q$2:$Q$2000,$Q8),0) -> 0 | V8: =SUMIFS(U$2:U$2000,$AH$2:$AH$2000,$AH8) -> 0 | AF8: =IF(A8<>"",A8,"") | AG8: =IF(MID(AF8,1,1)="N","STUDENT", IF(MID(AF8,1,1)="S","STAFF", IF(MID(AF8,1,1)="V","VISITOR", IF(AF8<>"","ERROR","")))) | AH8: =IF(AG8="STUDENT","N"&(MID(AF8,2,8)-0), IF(AG8="STAFF","S"&MID(AF8,2,8),"")) | AI8: =IF(AG8="STUDENT",(MID(AF8,2,8)-0), IF(AG8="STAFF","STAFF","")) | AN8: Aerospace
C9: {=IF(AF9<>"", IFERROR(INDEX('LaunchPad Markbook'!A:A,MATCH(AH9,'LaunchPad Markbook'!D:D,0),0),"-"),"")} | G9: =IF(OR(H9>AB$2,I9>AC$2,J9>AD$2, P9>1,V9>1, L9>'Group List A'!E$2,M9>'Group List A'!F$2,N9>'Group List A'!G$2, R9>'Group List B'!E$2,S9>'Group List B'!F$2,T9>'Group List B'!G$2),"Exceed", IF(OR(H9=AB$2,I9=AC$2,J9=AD$2, P9=1,V9=1, L9='Group List A'!E$2,M9='Group List A'!F$2,N9='Group List A'!G$2, R9='Group List B'!E$2,S9='Group List B'!F$2,T9='Group List B'!G$2),"Limit",0)) -> 0 | H9: =IF(AND(K9="-",Q9="-"), SUMIFS(D$2:D$2000,$AH$2:$AH$2000,$AH9),0) -> 0 | I9: =IF(AND(K9="-",Q9="-"), SUMIFS(E$2:E$2000,$AH$2:$AH$2000,$AH9),0) -> 0 | J9: =IF(AND(K9="-",Q9="-"), SUMIFS(F$2:F$2000,$AH$2:$AH$2000,$AH9),0) -> 0 | K9: {=IF(AF9<>"",IFERROR(INDEX('Group List A'!B:B,MATCH(AI9,'Group List A'!A:A,0),0),"-"),"")} | L9: =IF($K9<>"-",SUMIFS(D$2:D$2000,$K$2:$K$2000,$K9),0) -> 0 | M9: =IF($K9<>"-",SUMIFS(E$2:E$2000,$K$2:$K$2000,$K9),0) -> 0 | N9: =IF($K9<>"-",SUMIFS(F$2:F$2000,$K$2:$K$2000,$K9),0) -> 0 | P9: =SUMIFS(O$2:O$2000,$AH$2:$AH$2000,$AH9) -> 0 | Q9: {=IF(AF9<>"",IFERROR(INDEX('Group List B'!B:B,MATCH(AI9,'Group List B'!A:A,0),0),"-"),"")} | R9: =IF($Q9<>"-",SUMIFS(D$2:D$2000,$Q$2:$Q$2000,$Q9),0) -> 0 | S9: =IF($Q9<>"-",SUMIFS(E$2:E$2000,$Q$2:$Q$2000,$Q9),0) -> 0 | T9: =IF($Q9<>"-",SUMIFS(F$2:F$2000,$Q$2:$Q$2000,$Q9),0) -> 0 | V9: =SUMIFS(U$2:U$2000,$AH$2:$AH$2000,$AH9) -> 0 | AF9: =IF(A9<>"",A9,"") | AG9: =IF(MID(AF9,1,1)="N","STUDENT", IF(MID(AF9,1,1)="S","STAFF", IF(MID(AF9,1,1)="V","VISITOR", IF(AF9<>"","ERROR","")))) | AH9: =IF(AG9="STUDENT","N"&(MID(AF9,2,8)-0), IF(AG9="STAFF","S"&MID(AF9,2,8),"")) | AI9: =IF(AG9="STUDENT",(MID(AF9,2,8)-0), IF(AG9="STAFF","STAFF","")) | AN9: WIL projects
C10: {=IF(AF10<>"", IFERROR(INDEX('LaunchPad Markbook'!A:A,MATCH(AH10,'LaunchPad Markbook'!D:D,0),0),"-"),"")} | G10: =IF(OR(H10>AB$2,I10>AC$2,J10>AD$2, P10>1,V10>1, L10>'Group List A'!E$2,M10>'Group List A'!F$2,N10>'Group List A'!G$2, R10>'Group List B'!E$2,S10>'Group List B'!F$2,T10>'Group List B'!G$2),"Exceed", IF(OR(H10=AB$2,I10=AC$2,J10=AD$2, P10=1,V10=1, L10='Group List A'!E$2,M10='Group List A'!F$2,N10='Group List A'!G$2, R10='Group List B'!E$2,S10='Group List B'!F$2,T10='Group List B'!G$2),"Limit",0)) -> 0 | H10: =IF(AND(K10="-",Q10="-"), SUMIFS(D$2:D$2000,$AH$2:$AH$2000,$AH10),0) -> 0 | I10: =IF(AND(K10="-",Q10="-"), SUMIFS(E$2:E$2000,$AH$2:$AH$2000,$AH10),0) -> 0 | J10: =IF(AND(K10="-",Q10="-"), SUMIFS(F$2:F$2000,$AH$2:$AH$2000,$AH10),0) -> 0 | K10: {=IF(AF10<>"",IFERROR(INDEX('Group List A'!B:B,MATCH(AI10,'Group List A'!A:A,0),0),"-"),"")} | L10: =IF($K10<>"-",SUMIFS(D$2:D$2000,$K$2:$K$2000,$K10),0) -> 0 | M10: =IF($K10<>"-",SUMIFS(E$2:E$2000,$K$2:$K$2000,$K10),0) -> 0 | N10: =IF($K10<>"-",SUMIFS(F$2:F$2000,$K$2:$K$2000,$K10),0) -> 0 | P10: =SUMIFS(O$2:O$2000,$AH$2:$AH$2000,$AH10) -> 0 | Q10: {=IF(AF10<>"",IFERROR(INDEX('Group List B'!B:B,MATCH(AI10,'Group List B'!A:A,0),0),"-"),"")} | R10: =IF($Q10<>"-",SUMIFS(D$2:D$2000,$Q$2:$Q$2000,$Q10),0) -> 0 | S10: =IF($Q10<>"-",SUMIFS(E$2:E$2000,$Q$2:$Q$2000,$Q10),0) -> 0 | T10: =IF($Q10<>"-",SUMIFS(F$2:F$2000,$Q$2:$Q$2000,$Q10),0) -> 0 | V10: =SUMIFS(U$2:U$2000,$AH$2:$AH$2000,$AH10) -> 0 | AF10: =IF(A10<>"",A10,"") | AG10: =IF(MID(AF10,1,1)="N","STUDENT", IF(MID(AF10,1,1)="S","STAFF", IF(MID(AF10,1,1)="V","VISITOR", IF(AF10<>"","ERROR","")))) | AH10: =IF(AG10="STUDENT","N"&(MID(AF10,2,8)-0), IF(AG10="STAFF","S"&MID(AF10,2,8),"")) | AI10: =IF(AG10="STUDENT",(MID(AF10,2,8)-0), IF(AG10="STAFF","STAFF",""))
C11: {=IF(AF11<>"", IFERROR(INDEX('LaunchPad Markbook'!A:A,MATCH(AH11,'LaunchPad Markbook'!D:D,0),0),"-"),"")} | G11: =IF(OR(H11>AB$2,I11>AC$2,J11>AD$2, P11>1,V11>1, L11>'Group List A'!E$2,M11>'Group List A'!F$2,N11>'Group List A'!G$2, R11>'Group List B'!E$2,S11>'Group List B'!F$2,T11>'Group List B'!G$2),"Exceed", IF(OR(H11=AB$2,I11=AC$2,J11=AD$2, P11=1,V11=1, L11='Group List A'!E$2,M11='Group List A'!F$2,N11='Group List A'!G$2, R11='Group List B'!E$2,S11='Group List B'!F$2,T11='Group List B'!G$2),"Limit",0)) -> 0 | H11: =IF(AND(K11="-",Q11="-"), SUMIFS(D$2:D$2000,$AH$2:$AH$2000,$AH11),0) -> 0 | I11: =IF(AND(K11="-",Q11="-"), SUMIFS(E$2:E$2000,$AH$2:$AH$2000,$AH11),0) -> 0 | J11: =IF(AND(K11="-",Q11="-"), SUMIFS(F$2:F$2000,$AH$2:$AH$2000,$AH11),0) -> 0 | K11: {=IF(AF11<>"",IFERROR(INDEX('Group List A'!B:B,MATCH(AI11,'Group List A'!A:A,0),0),"-"),"")} | L11: =IF($K11<>"-",SUMIFS(D$2:D$2000,$K$2:$K$2000,$K11),0) -> 0 | M11: =IF($K11<>"-",SUMIFS(E$2:E$2000,$K$2:$K$2000,$K11),0) -> 0 | N11: =IF($K11<>"-",SUMIFS(F$2:F$2000,$K$2:$K$2000,$K11),0) -> 0 | P11: =SUMIFS(O$2:O$2000,$AH$2:$AH$2000,$AH11) -> 0 | Q11: {=IF(AF11<>"",IFERROR(INDEX('Group List B'!B:B,MATCH(AI11,'Group List B'!A:A,0),0),"-"),"")} | R11: =IF($Q11<>"-",SUMIFS(D$2:D$2000,$Q$2:$Q$2000,$Q11),0) -> 0 | S11: =IF($Q11<>"-",SUMIFS(E$2:E$2000,$Q$2:$Q$2000,$Q11),0) -> 0 | T11: =IF($Q11<>"-",SUMIFS(F$2:F$2000,$Q$2:$Q$2000,$Q11),0) -> 0 | V11: =SUMIFS(U$2:U$2000,$AH$2:$AH$2000,$AH11) -> 0 | AF11: =IF(A11<>"",A11,"") | AG11: =IF(MID(AF11,1,1)="N","STUDENT", IF(MID(AF11,1,1)="S","STAFF", IF(MID(AF11,1,1)="V","VISITOR", IF(AF11<>"","ERROR","")))) | AH11: =IF(AG11="STUDENT","N"&(MID(AF11,2,8)-0), IF(AG11="STAFF","S"&MID(AF11,2,8),"")) | AI11: =IF(AG11="STUDENT",(MID(AF11,2,8)-0), IF(AG11="STAFF","STAFF",""))
C12: {=IF(AF12<>"", IFERROR(INDEX('LaunchPad Markbook'!A:A,MATCH(AH12,'LaunchPad Markbook'!D:D,0),0),"-"),"")} | G12: =IF(OR(H12>AB$2,I12>AC$2,J12>AD$2, P12>1,V12>1, L12>'Group List A'!E$2,M12>'Group List A'!F$2,N12>'Group List A'!G$2, R12>'Group List B'!E$2,S12>'Group List B'!F$2,T12>'Group List B'!G$2),"Exceed", IF(OR(H12=AB$2,I12=AC$2,J12=AD$2, P12=1,V12=1, L12='Group List A'!E$2,M12='Group List A'!F$2,N12='Group List A'!G$2, R12='Group List B'!E$2,S12='Group List B'!F$2,T12='Group List B'!G$2),"Limit",0)) -> 0 | H12: =IF(AND(K12="-",Q12="-"), SUMIFS(D$2:D$2000,$AH$2:$AH$2000,$AH12),0) -> 0 | I12: =IF(AND(K12="-",Q12="-"), SUMIFS(E$2:E$2000,$AH$2:$AH$2000,$AH12),0) -> 0 | J12: =IF(AND(K12="-",Q12="-"), SUMIFS(F$2:F$2000,$AH$2:$AH$2000,$AH12),0) -> 0 | K12: {=IF(AF12<>"",IFERROR(INDEX('Group List A'!B:B,MATCH(AI12,'Group List A'!A:A,0),0),"-"),"")} | L12: =IF($K12<>"-",SUMIFS(D$2:D$2000,$K$2:$K$2000,$K12),0) -> 0 | M12: =IF($K12<>"-",SUMIFS(E$2:E$2000,$K$2:$K$2000,$K12),0) -> 0 | N12: =IF($K12<>"-",SUMIFS(F$2:F$2000,$K$2:$K$2000,$K12),0) -> 0 | P12: =SUMIFS(O$2:O$2000,$AH$2:$AH$2000,$AH12) -> 0 | Q12: {=IF(AF12<>"",IFERROR(INDEX('Group List B'!B:B,MATCH(AI12,'Group List B'!A:A,0),0),"-"),"")} | R12: =IF($Q12<>"-",SUMIFS(D$2:D$2000,$Q$2:$Q$2000,$Q12),0) -> 0 | S12: =IF($Q12<>"-",SUMIFS(E$2:E$2000,$Q$2:$Q$2000,$Q12),0) -> 0 | T12: =IF($Q12<>"-",SUMIFS(F$2:F$2000,$Q$2:$Q$2000,$Q12),0) -> 0 | V12: =SUMIFS(U$2:U$2000,$AH$2:$AH$2000,$AH12) -> 0 | AF12: =IF(A12<>"",A12,"") | AG12: =IF(MID(AF12,1,1)="N","STUDENT", IF(MID(AF12,1,1)="S","STAFF", IF(MID(AF12,1,1)="V","VISITOR", IF(AF12<>"","ERROR","")))) | AH12: =IF(AG12="STUDENT","N"&(MID(AF12,2,8)-0), IF(AG12="STAFF","S"&MID(AF12,2,8),"")) | AI12: =IF(AG12="STUDENT",(MID(AF12,2,8)-0), IF(AG12="STAFF","STAFF",""))
C13: {=IF(AF13<>"", IFERROR(INDEX('LaunchPad Markbook'!A:A,MATCH(AH13,'LaunchPad Markbook'!D:D,0),0),"-"),"")} | G13: =IF(OR(H13>AB$2,I13>AC$2,J13>AD$2, P13>1,V13>1, L13>'Group List A'!E$2,M13>'Group List A'!F$2,N13>'Group List A'!G$2, R13>'Group List B'!E$2,S13>'Group List B'!F$2,T13>'Group List B'!G$2),"Exceed", IF(OR(H13=AB$2,I13=AC$2,J13=AD$2, P13=1,V13=1, L13='Group List A'!E$2,M13='Group List A'!F$2,N13='Group List A'!G$2, R13='Group List B'!E$2,S13='Group List B'!F$2,T13='Group List B'!G$2),"Limit",0)) -> 0 | H13: =IF(AND(K13="-",Q13="-"), SUMIFS(D$2:D$2000,$AH$2:$AH$2000,$AH13),0) -> 0 | I13: =IF(AND(K13="-",Q13="-"), SUMIFS(E$2:E$2000,$AH$2:$AH$2000,$AH13),0) -> 0 | J13: =IF(AND(K13="-",Q13="-"), SUMIFS(F$2:F$2000,$AH$2:$AH$2000,$AH13),0) -> 0 | K13: {=IF(AF13<>"",IFERROR(INDEX('Group List A'!B:B,MATCH(AI13,'Group List A'!A:A,0),0),"-"),"")} | L13: =IF($K13<>"-",SUMIFS(D$2:D$2000,$K$2:$K$2000,$K13),0) -> 0 | M13: =IF($K13<>"-",SUMIFS(E$2:E$2000,$K$2:$K$2000,$K13),0) -> 0 | N13: =IF($K13<>"-",SUMIFS(F$2:F$2000,$K$2:$K$2000,$K13),0) -> 0 | P13: =SUMIFS(O$2:O$2000,$AH$2:$AH$2000,$AH13) -> 0 | Q13: {=IF(AF13<>"",IFERROR(INDEX('Group List B'!B:B,MATCH(AI13,'Group List B'!A:A,0),0),"-"),"")} | R13: =IF($Q13<>"-",SUMIFS(D$2:D$2000,$Q$2:$Q$2000,$Q13),0) -> 0 | S13: =IF($Q13<>"-",SUMIFS(E$2:E$2000,$Q$2:$Q$2000,$Q13),0) -> 0 | T13: =IF($Q13<>"-",SUMIFS(F$2:F$2000,$Q$2:$Q$2000,$Q13),0) -> 0 | V13: =SUMIFS(U$2:U$2000,$AH$2:$AH$2000,$AH13) -> 0 | AF13: =IF(A13<>"",A13,"") | AG13: =IF(MID(AF13,1,1)="N","STUDENT", IF(MID(AF13,1,1)="S","STAFF", IF(MID(AF13,1,1)="V","VISITOR", IF(AF13<>"","ERROR","")))) | AH13: =IF(AG13="STUDENT","N"&(MID(AF13,2,8)-0), IF(AG13="STAFF","S"&MID(AF13,2,8),"")) | AI13: =IF(AG13="STUDENT",(MID(AF13,2,8)-0), IF(AG13="STAFF","STAFF",""))
C14: {=IF(AF14<>"", IFERROR(INDEX('LaunchPad Markbook'!A:A,MATCH(AH14,'LaunchPad Markbook'!D:D,0),0),"-"),"")} | G14: =IF(OR(H14>AB$2,I14>AC$2,J14>AD$2, P14>1,V14>1, L14>'Group List A'!E$2,M14>'Group List A'!F$2,N14>'Group List A'!G$2, R14>'Group List B'!E$2,S14>'Group List B'!F$2,T14>'Group List B'!G$2),"Exceed", IF(OR(H14=AB$2,I14=AC$2,J14=AD$2, P14=1,V14=1, L14='Group List A'!E$2,M14='Group List A'!F$2,N14='Group List A'!G$2, R14='Group List B'!E$2,S14='Group List B'!F$2,T14='Group List B'!G$2),"Limit",0)) -> 0 | H14: =IF(AND(K14="-",Q14="-"), SUMIFS(D$2:D$2000,$AH$2:$AH$2000,$AH14),0) -> 0 | I14: =IF(AND(K14="-",Q14="-"), SUMIFS(E$2:E$2000,$AH$2:$AH$2000,$AH14),0) -> 0 | J14: =IF(AND(K14="-",Q14="-"), SUMIFS(F$2:F$2000,$AH$2:$AH$2000,$AH14),0) -> 0 | K14: {=IF(AF14<>"",IFERROR(INDEX('Group List A'!B:B,MATCH(AI14,'Group List A'!A:A,0),0),"-"),"")} | L14: =IF($K14<>"-",SUMIFS(D$2:D$2000,$K$2:$K$2000,$K14),0) -> 0 | M14: =IF($K14<>"-",SUMIFS(E$2:E$2000,$K$2:$K$2000,$K14),0) -> 0 | N14: =IF($K14<>"-",SUMIFS(F$2:F$2000,$K$2:$K$2000,$K14),0) -> 0 | P14: =SUMIFS(O$2:O$2000,$AH$2:$AH$2000,$AH14) -> 0 | Q14: {=IF(AF14<>"",IFERROR(INDEX('Group List B'!B:B,MATCH(AI14,'Group List B'!A:A,0),0),"-"),"")} | R14: =IF($Q14<>"-",SUMIFS(D$2:D$2000,$Q$2:$Q$2000,$Q14),0) -> 0 | S14: =IF($Q14<>"-",SUMIFS(E$2:E$2000,$Q$2:$Q$2000,$Q14),0) -> 0 | T14: =IF($Q14<>"-",SUMIFS(F$2:F$2000,$Q$2:$Q$2000,$Q14),0) -> 0 | V14: =SUMIFS(U$2:U$2000,$AH$2:$AH$2000,$AH14) -> 0 | AF14: =IF(A14<>"",A14,"") | AG14: =IF(MID(AF14,1,1)="N","STUDENT", IF(MID(AF14,1,1)="S","STAFF", IF(MID(AF14,1,1)="V","VISITOR", IF(AF14<>"","ERROR","")))) | AH14: =IF(AG14="STUDENT","N"&(MID(AF14,2,8)-0), IF(AG14="STAFF","S"&MID(AF14,2,8),"")) | AI14: =IF(AG14="STUDENT",(MID(AF14,2,8)-0), IF(AG14="STAFF","STAFF",""))
C15: {=IF(AF15<>"", IFERROR(INDEX('LaunchPad Markbook'!A:A,MATCH(AH15,'LaunchPad Markbook'!D:D,0),0),"-"),"")} | G15: =IF(OR(H15>AB$2,I15>AC$2,J15>AD$2, P15>1,V15>1, L15>'Group List A'!E$2,M15>'Group List A'!F$2,N15>'Group List A'!G$2, R15>'Group List B'!E$2,S15>'Group List B'!F$2,T15>'Group List B'!G$2),"Exceed", IF(OR(H15=AB$2,I15=AC$2,J15=AD$2, P15=1,V15=1, L15='Group List A'!E$2,M15='Group List A'!F$2,N15='Group List A'!G$2, R15='Group List B'!E$2,S15='Group List B'!F$2,T15='Group List B'!G$2),"Limit",0)) -> 0 | H15: =IF(AND(K15="-",Q15="-"), SUMIFS(D$2:D$2000,$AH$2:$AH$2000,$AH15),0) -> 0 | I15: =IF(AND(K15="-",Q15="-"), SUMIFS(E$2:E$2000,$AH$2:$AH$2000,$AH15),0) -> 0 | J15: =IF(AND(K15="-",Q15="-"), SUMIFS(F$2:F$2000,$AH$2:$AH$2000,$AH15),0) -> 0 | K15: {=IF(AF15<>"",IFERROR(INDEX('Group List A'!B:B,MATCH(AI15,'Group List A'!A:A,0),0),"-"),"")} | L15: =IF($K15<>"-",SUMIFS(D$2:D$2000,$K$2:$K$2000,$K15),0) -> 0 | M15: =IF($K15<>"-",SUMIFS(E$2:E$2000,$K$2:$K$2000,$K15),0) -> 0 | N15: =IF($K15<>"-",SUMIFS(F$2:F$2000,$K$2:$K$2000,$K15),0) -> 0 | P15: =SUMIFS(O$2:O$2000,$AH$2:$AH$2000,$AH15) -> 0 | Q15: {=IF(AF15<>"",IFERROR(INDEX('Group List B'!B:B,MATCH(AI15,'Group List B'!A:A,0),0),"-"),"")} | R15: =IF($Q15<>"-",SUMIFS(D$2:D$2000,$Q$2:$Q$2000,$Q15),0) -> 0 | S15: =IF($Q15<>"-",SUMIFS(E$2:E$2000,$Q$2:$Q$2000,$Q15),0) -> 0 | T15: =IF($Q15<>"-",SUMIFS(F$2:F$2000,$Q$2:$Q$2000,$Q15),0) -> 0 | V15: =SUMIFS(U$2:U$2000,$AH$2:$AH$2000,$AH15) -> 0 | AF15: =IF(A15<>"",A15,"") | AG15: =IF(MID(AF15,1,1)="N","STUDENT", IF(MID(AF15,1,1)="S","STAFF", IF(MID(AF15,1,1)="V","VISITOR", IF(AF15<>"","ERROR","")))) | AH15: =IF(AG15="STUDENT","N"&(MID(AF15,2,8)-0), IF(AG15="STAFF","S"&MID(AF15,2,8),"")) | AI15: =IF(AG15="STUDENT",(MID(AF15,2,8)-0), IF(AG15="STAFF","STAFF",""))
C16: {=IF(AF16<>"", IFERROR(INDEX('LaunchPad Markbook'!A:A,MATCH(AH16,'LaunchPad Markbook'!D:D,0),0),"-"),"")} | G16: =IF(OR(H16>AB$2,I16>AC$2,J16>AD$2, P16>1,V16>1, L16>'Group List A'!E$2,M16>'Group List A'!F$2,N16>'Group List A'!G$2, R16>'Group List B'!E$2,S16>'Group List B'!F$2,T16>'Group List B'!G$2),"Exceed", IF(OR(H16=AB$2,I16=AC$2,J16=AD$2, P16=1,V16=1, L16='Group List A'!E$2,M16='Group List A'!F$2,N16='Group List A'!G$2, R16='Group List B'!E$2,S16='Group List B'!F$2,T16='Group List B'!G$2),"Limit",0)) -> 0 | H16: =IF(AND(K16="-",Q16="-"), SUMIFS(D$2:D$2000,$AH$2:$AH$2000,$AH16),0) -> 0 | I16: =IF(AND(K16="-",Q16="-"), SUMIFS(E$2:E$2000,$AH$2:$AH$2000,$AH16),0) -> 0 | J16: =IF(AND(K16="-",Q16="-"), SUMIFS(F$2:F$2000,$AH$2:$AH$2000,$AH16),0) -> 0 | K16: {=IF(AF16<>"",IFERROR(INDEX('Group List A'!B:B,MATCH(AI16,'Group List A'!A:A,0),0),"-"),"")} | L16: =IF($K16<>"-",SUMIFS(D$2:D$2000,$K$2:$K$2000,$K16),0) -> 0 | M16: =IF($K16<>"-",SUMIFS(E$2:E$2000,$K$2:$K$2000,$K16),0) -> 0 | N16: =IF($K16<>"-",SUMIFS(F$2:F$2000,$K$2:$K$2000,$K16),0) -> 0 | P16: =SUMIFS(O$2:O$2000,$AH$2:$AH$2000,$AH16) -> 0 | Q16: {=IF(AF16<>"",IFERROR(INDEX('Group List B'!B:B,MATCH(AI16,'Group List B'!A:A,0),0),"-"),"")} | R16: =IF($Q16<>"-",SUMIFS(D$2:D$2000,$Q$2:$Q$2000,$Q16),0) -> 0 | S16: =IF($Q16<>"-",SUMIFS(E$2:E$2000,$Q$2:$Q$2000,$Q16),0) -> 0 | T16: =IF($Q16<>"-",SUMIFS(F$2:F$2000,$Q$2:$Q$2000,$Q16),0) -> 0 | V16: =SUMIFS(U$2:U$2000,$AH$2:$AH$2000,$AH16) -> 0 | AF16: =IF(A16<>"",A16,"") | AG16: =IF(MID(AF16,1,1)="N","STUDENT", IF(MID(AF16,1,1)="S","STAFF", IF(MID(AF16,1,1)="V","VISITOR", IF(AF16<>"","ERROR","")))) | AH16: =IF(AG16="STUDENT","N"&(MID(AF16,2,8)-0), IF(AG16="STAFF","S"&MID(AF16,2,8),"")) | AI16: =IF(AG16="STUDENT",(MID(AF16,2,8)-0), IF(AG16="STAFF","STAFF",""))
C17: {=IF(AF17<>"", IFERROR(INDEX('LaunchPad Markbook'!A:A,MATCH(AH17,'LaunchPad Markbook'!D:D,0),0),"-"),"")} | G17: =IF(OR(H17>AB$2,I17>AC$2,J17>AD$2, P17>1,V17>1, L17>'Group List A'!E$2,M17>'Group List A'!F$2,N17>'Group List A'!G$2, R17>'Group List B'!E$2,S17>'Group List B'!F$2,T17>'Group List B'!G$2),"Exceed", IF(OR(H17=AB$2,I17=AC$2,J17=AD$2, P17=1,V17=1, L17='Group List A'!E$2,M17='Group List A'!F$2,N17='Group List A'!G$2, R17='Group List B'!E$2,S17='Group List B'!F$2,T17='Group List B'!G$2),"Limit",0)) -> 0 | H17: =IF(AND(K17="-",Q17="-"), SUMIFS(D$2:D$2000,$AH$2:$AH$2000,$AH17),0) -> 0 | I17: =IF(AND(K17="-",Q17="-"), SUMIFS(E$2:E$2000,$AH$2:$AH$2000,$AH17),0) -> 0 | J17: =IF(AND(K17="-",Q17="-"), SUMIFS(F$2:F$2000,$AH$2:$AH$2000,$AH17),0) -> 0 | K17: {=IF(AF17<>"",IFERROR(INDEX('Group List A'!B:B,MATCH(AI17,'Group List A'!A:A,0),0),"-"),"")} | L17: =IF($K17<>"-",SUMIFS(D$2:D$2000,$K$2:$K$2000,$K17),0) -> 0 | M17: =IF($K17<>"-",SUMIFS(E$2:E$2000,$K$2:$K$2000,$K17),0) -> 0 | N17: =IF($K17<>"-",SUMIFS(F$2:F$2000,$K$2:$K$2000,$K17),0) -> 0 | P17: =SUMIFS(O$2:O$2000,$AH$2:$AH$2000,$AH17) -> 0 | Q17: {=IF(AF17<>"",IFERROR(INDEX('Group List B'!B:B,MATCH(AI17,'Group List B'!A:A,0),0),"-"),"")} | R17: =IF($Q17<>"-",SUMIFS(D$2:D$2000,$Q$2:$Q$2000,$Q17),0) -> 0 | S17: =IF($Q17<>"-",SUMIFS(E$2:E$2000,$Q$2:$Q$2000,$Q17),0) -> 0 | T17: =IF($Q17<>"-",SUMIFS(F$2:F$2000,$Q$2:$Q$2000,$Q17),0) -> 0 | V17: =SUMIFS(U$2:U$2000,$AH$2:$AH$2000,$AH17) -> 0 | AF17: =IF(A17<>"",A17,"") | AG17: =IF(MID(AF17,1,1)="N","STUDENT", IF(MID(AF17,1,1)="S","STAFF", IF(MID(AF17,1,1)="V","VISITOR", IF(AF17<>"","ERROR","")))) | AH17: =IF(AG17="STUDENT","N"&(MID(AF17,2,8)-0), IF(AG17="STAFF","S"&MID(AF17,2,8),"")) | AI17: =IF(AG17="STUDENT",(MID(AF17,2,8)-0), IF(AG17="STAFF","STAFF",""))
C18: {=IF(AF18<>"", IFERROR(INDEX('LaunchPad Markbook'!A:A,MATCH(AH18,'LaunchPad Markbook'!D:D,0),0),"-"),"")} | G18: =IF(OR(H18>AB$2,I18>AC$2,J18>AD$2, P18>1,V18>1, L18>'Group List A'!E$2,M18>'Group List A'!F$2,N18>'Group List A'!G$2, R18>'Group List B'!E$2,S18>'Group List B'!F$2,T18>'Group List B'!G$2),"Exceed", IF(OR(H18=AB$2,I18=AC$2,J18=AD$2, P18=1,V18=1, L18='Group List A'!E$2,M18='Group List A'!F$2,N18='Group List A'!G$2, R18='Group List B'!E$2,S18='Group List B'!F$2,T18='Group List B'!G$2),"Limit",0)) -> 0 | H18: =IF(AND(K18="-",Q18="-"), SUMIFS(D$2:D$2000,$AH$2:$AH$2000,$AH18),0) -> 0 | I18: =IF(AND(K18="-",Q18="-"), SUMIFS(E$2:E$2000,$AH$2:$AH$2000,$AH18),0) -> 0 | J18: =IF(AND(K18="-",Q18="-"), SUMIFS(F$2:F$2000,$AH$2:$AH$2000,$AH18),0) -> 0 | K18: {=IF(AF18<>"",IFERROR(INDEX('Group List A'!B:B,MATCH(AI18,'Group List A'!A:A,0),0),"-"),"")} | L18: =IF($K18<>"-",SUMIFS(D$2:D$2000,$K$2:$K$2000,$K18),0) -> 0 | M18: =IF($K18<>"-",SUMIFS(E$2:E$2000,$K$2:$K$2000,$K18),0) -> 0 | N18: =IF($K18<>"-",SUMIFS(F$2:F$2000,$K$2:$K$2000,$K18),0) -> 0 | P18: =SUMIFS(O$2:O$2000,$AH$2:$AH$2000,$AH18) -> 0 | Q18: {=IF(AF18<>"",IFERROR(INDEX('Group List B'!B:B,MATCH(AI18,'Group List B'!A:A,0),0),"-"),"")} | R18: =IF($Q18<>"-",SUMIFS(D$2:D$2000,$Q$2:$Q$2000,$Q18),0) -> 0 | S18: =IF($Q18<>"-",SUMIFS(E$2:E$2000,$Q$2:$Q$2000,$Q18),0) -> 0 | T18: =IF($Q18<>"-",SUMIFS(F$2:F$2000,$Q$2:$Q$2000,$Q18),0) -> 0 | V18: =SUMIFS(U$2:U$2000,$AH$2:$AH$2000,$AH18) -> 0 | AF18: =IF(A18<>"",A18,"") | AG18: =IF(MID(AF18,1,1)="N","STUDENT", IF(MID(AF18,1,1)="S","STAFF", IF(MID(AF18,1,1)="V","VISITOR", IF(AF18<>"","ERROR","")))) | AH18: =IF(AG18="STUDENT","N"&(MID(AF18,2,8)-0), IF(AG18="STAFF","S"&MID(AF18,2,8),"")) | AI18: =IF(AG18="STUDENT",(MID(AF18,2,8)-0), IF(AG18="STAFF","STAFF",""))
C19: {=IF(AF19<>"", IFERROR(INDEX('LaunchPad Markbook'!A:A,MATCH(AH19,'LaunchPad Markbook'!D:D,0),0),"-"),"")} | G19: =IF(OR(H19>AB$2,I19>AC$2,J19>AD$2, P19>1,V19>1, L19>'Group List A'!E$2,M19>'Group List A'!F$2,N19>'Group List A'!G$2, R19>'Group List B'!E$2,S19>'Group List B'!F$2,T19>'Group List B'!G$2),"Exceed", IF(OR(H19=AB$2,I19=AC$2,J19=AD$2, P19=1,V19=1, L19='Group List A'!E$2,M19='Group List A'!F$2,N19='Group List A'!G$2, R19='Group List B'!E$2,S19='Group List B'!F$2,T19='Group List B'!G$2),"Limit",0)) -> 0 | H19: =IF(AND(K19="-",Q19="-"), SUMIFS(D$2:D$2000,$AH$2:$AH$2000,$AH19),0) -> 0 | I19: =IF(AND(K19="-",Q19="-"), SUMIFS(E$2:E$2000,$AH$2:$AH$2000,$AH19),0) -> 0 | J19: =IF(AND(K19="-",Q19="-"), SUMIFS(F$2:F$2000,$AH$2:$AH$2000,$AH19),0) -> 0 | K19: {=IF(AF19<>"",IFERROR(INDEX('Group List A'!B:B,MATCH(AI19,'Group List A'!A:A,0),0),"-"),"")} | L19: =IF($K19<>"-",SUMIFS(D$2:D$2000,$K$2:$K$2000,$K19),0) -> 0 | M19: =IF($K19<>"-",SUMIFS(E$2:E$2000,$K$2:$K$2000,$K19),0) -> 0 | N19: =IF($K19<>"-",SUMIFS(F$2:F$2000,$K$2:$K$2000,$K19),0) -> 0 | P19: =SUMIFS(O$2:O$2000,$AH$2:$AH$2000,$AH19) -> 0 | Q19: {=IF(AF19<>"",IFERROR(INDEX('Group List B'!B:B,MATCH(AI19,'Group List B'!A:A,0),0),"-"),"")} | R19: =IF($Q19<>"-",SUMIFS(D$2:D$2000,$Q$2:$Q$2000,$Q19),0) -> 0 | S19: =IF($Q19<>"-",SUMIFS(E$2:E$2000,$Q$2:$Q$2000,$Q19),0) -> 0 | T19: =IF($Q19<>"-",SUMIFS(F$2:F$2000,$Q$2:$Q$2000,$Q19),0) -> 0 | V19: =SUMIFS(U$2:U$2000,$AH$2:$AH$2000,$AH19) -> 0 | AF19: =IF(A19<>"",A19,"") | AG19: =IF(MID(AF19,1,1)="N","STUDENT", IF(MID(AF19,1,1)="S","STAFF", IF(MID(AF19,1,1)="V","VISITOR", IF(AF19<>"","ERROR","")))) | AH19: =IF(AG19="STUDENT","N"&(MID(AF19,2,8)-0), IF(AG19="STAFF","S"&MID(AF19,2,8),"")) | AI19: =IF(AG19="STUDENT",(MID(AF19,2,8)-0), IF(AG19="STAFF","STAFF",""))
C20: {=IF(AF20<>"", IFERROR(INDEX('LaunchPad Markbook'!A:A,MATCH(AH20,'LaunchPad Markbook'!D:D,0),0),"-"),"")} | G20: =IF(OR(H20>AB$2,I20>AC$2,J20>AD$2, P20>1,V20>1, L20>'Group List A'!E$2,M20>'Group List A'!F$2,N20>'Group List A'!G$2, R20>'Group List B'!E$2,S20>'Group List B'!F$2,T20>'Group List B'!G$2),"Exceed", IF(OR(H20=AB$2,I20=AC$2,J20=AD$2, P20=1,V20=1, L20='Group List A'!E$2,M20='Group List A'!F$2,N20='Group List A'!G$2, R20='Group List B'!E$2,S20='Group List B'!F$2,T20='Group List B'!G$2),"Limit",0)) -> 0 | H20: =IF(AND(K20="-",Q20="-"), SUMIFS(D$2:D$2000,$AH$2:$AH$2000,$AH20),0) -> 0 | I20: =IF(AND(K20="-",Q20="-"), SUMIFS(E$2:E$2000,$AH$2:$AH$2000,$AH20),0) -> 0 | J20: =IF(AND(K20="-",Q20="-"), SUMIFS(F$2:F$2000,$AH$2:$AH$2000,$AH20),0) -> 0 | K20: {=IF(AF20<>"",IFERROR(INDEX('Group List A'!B:B,MATCH(AI20,'Group List A'!A:A,0),0),"-"),"")} | L20: =IF($K20<>"-",SUMIFS(D$2:D$2000,$K$2:$K$2000,$K20),0) -> 0 | M20: =IF($K20<>"-",SUMIFS(E$2:E$2000,$K$2:$K$2000,$K20),0) -> 0 | N20: =IF($K20<>"-",SUMIFS(F$2:F$2000,$K$2:$K$2000,$K20),0) -> 0 | P20: =SUMIFS(O$2:O$2000,$AH$2:$AH$2000,$AH20) -> 0 | Q20: {=IF(AF20<>"",IFERROR(INDEX('Group List B'!B:B,MATCH(AI20,'Group List B'!A:A,0),0),"-"),"")} | R20: =IF($Q20<>"-",SUMIFS(D$2:D$2000,$Q$2:$Q$2000,$Q20),0) -> 0 | S20: =IF($Q20<>"-",SUMIFS(E$2:E$2000,$Q$2:$Q$2000,$Q20),0) -> 0 | T20: =IF($Q20<>"-",SUMIFS(F$2:F$2000,$Q$2:$Q$2000,$Q20),0) -> 0 | V20: =SUMIFS(U$2:U$2000,$AH$2:$AH$2000,$AH20) -> 0 | AF20: =IF(A20<>"",A20,"") | AG20: =IF(MID(AF20,1,1)="N","STUDENT", IF(MID(AF20,1,1)="S","STAFF", IF(MID(AF20,1,1)="V","VISITOR", IF(AF20<>"","ERROR","")))) | AH20: =IF(AG20="STUDENT","N"&(MID(AF20,2,8)-0), IF(AG20="STAFF","S"&MID(AF20,2,8),"")) | AI20: =IF(AG20="STUDENT",(MID(AF20,2,8)-0), IF(AG20="STAFF","STAFF",""))
C21: {=IF(AF21<>"", IFERROR(INDEX('LaunchPad Markbook'!A:A,MATCH(AH21,'LaunchPad Markbook'!D:D,0),0),"-"),"")} | G21: =IF(OR(H21>AB$2,I21>AC$2,J21>AD$2, P21>1,V21>1, L21>'Group List A'!E$2,M21>'Group List A'!F$2,N21>'Group List A'!G$2, R21>'Group List B'!E$2,S21>'Group List B'!F$2,T21>'Group List B'!G$2),"Exceed", IF(OR(H21=AB$2,I21=AC$2,J21=AD$2, P21=1,V21=1, L21='Group List A'!E$2,M21='Group List A'!F$2,N21='Group List A'!G$2, R21='Group List B'!E$2,S21='Group List B'!F$2,T21='Group List B'!G$2),"Limit",0)) -> 0 | H21: =IF(AND(K21="-",Q21="-"), SUMIFS(D$2:D$2000,$AH$2:$AH$2000,$AH21),0) -> 0 | I21: =IF(AND(K21="-",Q21="-"), SUMIFS(E$2:E$2000,$AH$2:$AH$2000,$AH21),0) -> 0 | J21: =IF(AND(K21="-",Q21="-"), SUMIFS(F$2:F$2000,$AH$2:$AH$2000,$AH21),0) -> 0 | K21: {=IF(AF21<>"",IFERROR(INDEX('Group List A'!B:B,MATCH(AI21,'Group List A'!A:A,0),0),"-"),"")} | L21: =IF($K21<>"-",SUMIFS(D$2:D$2000,$K$2:$K$2000,$K21),0) -> 0 | M21: =IF($K21<>"-",SUMIFS(E$2:E$2000,$K$2:$K$2000,$K21),0) -> 0 | N21: =IF($K21<>"-",SUMIFS(F$2:F$2000,$K$2:$K$2000,$K21),0) -> 0 | P21: =SUMIFS(O$2:O$2000,$AH$2:$AH$2000,$AH21) -> 0 | Q21: {=IF(AF21<>"",IFERROR(INDEX('Group List B'!B:B,MATCH(AI21,'Group List B'!A:A,0),0),"-"),"")} | R21: =IF($Q21<>"-",SUMIFS(D$2:D$2000,$Q$2:$Q$2000,$Q21),0) -> 0 | S21: =IF($Q21<>"-",SUMIFS(E$2:E$2000,$Q$2:$Q$2000,$Q21),0) -> 0 | T21: =IF($Q21<>"-",SUMIFS(F$2:F$2000,$Q$2:$Q$2000,$Q21),0) -> 0 | V21: =SUMIFS(U$2:U$2000,$AH$2:$AH$2000,$AH21) -> 0 | AF21: =IF(A21<>"",A21,"") | AG21: =IF(MID(AF21,1,1)="N","STUDENT", IF(MID(AF21,1,1)="S","STAFF", IF(MID(AF21,1,1)="V","VISITOR", IF(AF21<>"","ERROR","")))) | AH21: =IF(AG21="STUDENT","N"&(MID(AF21,2,8)-0), IF(AG21="STAFF","S"&MID(AF21,2,8),"")) | AI21: =IF(AG21="STUDENT",(MID(AF21,2,8)-0), IF(AG21="STAFF","STAFF",""))
... C1200: {=IF(AF1200<>"", IFERROR(INDEX('LaunchPad Markbook'!A:A,MATCH(AH1200,'LaunchPad Markbook'!D:D,0),0),"-"),"")} | G1200: =IF(OR(H1200>AB$2,I1200>AC$2,J1200>AD$2, P1200>1,V1200>1, L1200>'Group List A'!E$2,M1200>'Group List A'!F$2,N1200>'Group List A'!G$2, R1200>'Group List B'!E$2,S1200>'Group List B'!F$2,T1200>'Group List B'!G$2),"Exceed", IF(OR(H1200=AB$2,I1200=AC$2,J1200=AD$2, P1200=1,V1200=1, L1200='Group List A'!E$2,M1200='Group List A'!F$2,N1200='Group List A'!G$2, R1200='Group List B'!E$2,S1200='Group List B'!F$2,T1200='Group List B'!G$2),"Limit",0)) -> 0 | H1200: =IF(AND(K1200="-",Q1200="-"), SUMIFS(D$2:D$2000,$AH$2:$AH$2000,$AH1200),0) -> 0 | I1200: =IF(AND(K1200="-",Q1200="-"), SUMIFS(E$2:E$2000,$AH$2:$AH$2000,$AH1200),0) -> 0 | J1200: =IF(AND(K1200="-",Q1200="-"), SUMIFS(F$2:F$2000,$AH$2:$AH$2000,$AH1200),0) -> 0 | K1200: {=IF(AF1200<>"",IFERROR(INDEX('Group List A'!B:B,MATCH(AI1200,'Group List A'!A:A,0),0),"-"),"")} | L1200: =IF($K1200<>"-",SUMIFS(D$2:D$2000,$K$2:$K$2000,$K1200),0) -> 0 | M1200: =IF($K1200<>"-",SUMIFS(E$2:E$2000,$K$2:$K$2000,$K1200),0) -> 0 | N1200: =IF($K1200<>"-",SUMIFS(F$2:F$2000,$K$2:$K$2000,$K1200),0) -> 0 | P1200: =SUMIFS(O$2:O$2000,$AH$2:$AH$2000,$AH1200) -> 0 | Q1200: {=IF(AF1200<>"",IFERROR(INDEX('Group List B'!B:B,MATCH(AI1200,'Group List B'!A:A,0),0),"-"),"")} | R1200: =IF($Q1200<>"-",SUMIFS(D$2:D$2000,$Q$2:$Q$2000,$Q1200),0) -> 0 | S1200: =IF($Q1200<>"-",SUMIFS(E$2:E$2000,$Q$2:$Q$2000,$Q1200),0) -> 0 | T1200: =IF($Q1200<>"-",SUMIFS(F$2:F$2000,$Q$2:$Q$2000,$Q1200),0) -> 0 | V1200: =SUMIFS(U$2:U$2000,$AH$2:$AH$2000,$AH1200) -> 0 | AF1200: =IF(A1200<>"",A1200,"") | AG1200: =IF(MID(AF1200,1,1)="N","STUDENT", IF(MID(AF1200,1,1)="S","STAFF", IF(MID(AF1200,1,1)="V","VISITOR", IF(AF1200<>"","ERROR","")))) | AH1200: =IF(AG1200="STUDENT","N"&(MID(AF1200,2,8)-0), IF(AG1200="STAFF","S"&MID(AF1200,2,8),"")) | AI1200: =IF(AG1200="STUDENT",(MID(AF1200,2,8)-0), IF(AG1200="STAFF","STAFF",""))

Sheet LaunchPad Markbook
A1: Student | B1: ID | C1: SIS User ID | D1: SIS Login ID | E1: Integration ID | F1: Section | G1: Staff Induction Certificate Submission (213930) | H1: Records Current Points | I1: Records Final Points | J1: Records Current Score | K1: Records Unposted Current Score | L1: Records Final Score | M1: Records Unposted Final Score | N1: Submissions Current Points | O1: Submissions Final Points | P1: Submissions Current Score | Q1: Submissions Unposted Current Score | R1: Submissions Final Score | S1: Submissions Unposted Final Score | T1: Current Points | U1: Final Points | V1: Current Score | W1: Unposted Current Score | X1: Final Score | Y1: Unposted Final Score | Z1: Current Grade | AA1: Unposted Current Grade | AB1: Final Grade | AC1: Unposted Final Grade
G2: Manual Posting
A3: Points Possible | G3: 21 | H3: (read only) | I3: (read only) | J3: (read only) | K3: (read only) | L3: (read only) | M3: (read only) | N3: (read only) | O3: (read only) | P3: (read only) | Q3: (read only) | R3: (read only) | S3: (read only) | T3: (read only) | U3: (read only) | V3: (read only) | W3: (read only) | X3: (read only) | Y3: (read only) | Z3: (read only) | AA3: (read only) | AB3: (read only) | AC3: (read only)

Sheet Group List A
A1: ID | B1: GROUP | D1: UNIT | E1: Max Acrylic | F1: Max Ply | G1: Max HDF
A2: 10995375 | B2: 1A | D2: EGx101 | E2: 1 | F2: 2 | G2: 2

Sheet Group List B
A1: ID | B1: GROUP | D1: UNIT | E1: Max Acrylic | F1: Max Ply | G1: Max HDF
A2: 10995374 | B2: 1A | D2: EGB210 | E2: 3 | F2: 5 | G2: 5

Sheet Summary
B1: Acrylic total | C1: Plywood total | D1: HDF total | G1: NO unit | H1: Acrylic | I1: Plywood | J1: HDF | L1: Unit | M1: Acrylic | N1: Plywood | O1: HDF | Q1: Unit | R1: Acrylic | S1: Plywood | T1: HDF
A2: TOTAL | B2: =SUM(SCAN!D:D) -> 0 | C2: =SUM(SCAN!E:E) -> 0 | D2: =SUM(SCAN!F:F) -> 0 | H2: =IF(AND(SCAN!K2="-",SCAN!Q2="-"),SCAN!D2,0) -> 0 | I2: =IF(AND(SCAN!K2="-",SCAN!Q2="-"),SCAN!E2,0) -> 0 | J2: =IF(AND(SCAN!K2="-",SCAN!Q2="-"),SCAN!F2,0) -> 0 | L2: ='Group List A'!D2 -> EGx101 | M2: =IF(SCAN!K2<>"-",SCAN!D2,0) -> 0 | N2: =IF(SCAN!K2<>"-",SCAN!E2,0) -> 0 | O2: =IF(SCAN!K2<>"-",SCAN!F2,0) -> 0 | Q2: ='Group List B'!D2 -> EGB210 | R2: =IF(SCAN!Q2<>"-",SCAN!D2,0) -> 0 | S2: =IF(SCAN!Q2<>"-",SCAN!E2,0) -> 0 | T2: =IF(SCAN!Q2<>"-",SCAN!F2,0) -> 0
A3: =G1 -> NO unit | B3: =SUM(H:H) -> 0 | C3: =SUM(I:I) -> 0 | D3: =SUM(J:J) -> 0 | H3: =IF(AND(SCAN!K3="-",SCAN!Q3="-"),SCAN!D3,0) -> 0 | I3: =IF(AND(SCAN!K3="-",SCAN!Q3="-"),SCAN!E3,0) -> 0 | J3: =IF(AND(SCAN!K3="-",SCAN!Q3="-"),SCAN!F3,0) -> 0 | M3: =IF(SCAN!K3<>"-",SCAN!D3,0) -> 0 | N3: =IF(SCAN!K3<>"-",SCAN!E3,0) -> 0 | O3: =IF(SCAN!K3<>"-",SCAN!F3,0) -> 0 | R3: =IF(SCAN!Q3<>"-",SCAN!D3,0) -> 0 | S3: =IF(SCAN!Q3<>"-",SCAN!E3,0) -> 0 | T3: =IF(SCAN!Q3<>"-",SCAN!F3,0) -> 0
A4: =L2 -> EGx101 | B4: =SUM(M:M) -> 0 | C4: =SUM(N:N) -> 0 | D4: =SUM(O:O) -> 0 | H4: =IF(AND(SCAN!K4="-",SCAN!Q4="-"),SCAN!D4,0) -> 0 | I4: =IF(AND(SCAN!K4="-",SCAN!Q4="-"),SCAN!E4,0) -> 0 | J4: =IF(AND(SCAN!K4="-",SCAN!Q4="-"),SCAN!F4,0) -> 0 | M4: =IF(SCAN!K4<>"-",SCAN!D4,0) -> 0 | N4: =IF(SCAN!K4<>"-",SCAN!E4,0) -> 0 | O4: =IF(SCAN!K4<>"-",SCAN!F4,0) -> 0 | R4: =IF(SCAN!Q4<>"-",SCAN!D4,0) -> 0 | S4: =IF(SCAN!Q4<>"-",SCAN!E4,0) -> 0 | T4: =IF(SCAN!Q4<>"-",SCAN!F4,0) -> 0
A5: =Q2 -> EGB210 | B5: =SUM(R:R) -> 0 | C5: =SUM(S:S) -> 0 | D5: =SUM(T:T) -> 0 | H5: =IF(AND(SCAN!K5="-",SCAN!Q5="-"),SCAN!D5,0) -> 0 | I5: =IF(AND(SCAN!K5="-",SCAN!Q5="-"),SCAN!E5,0) -> 0 | J5: =IF(AND(SCAN!K5="-",SCAN!Q5="-"),SCAN!F5,0) -> 0 | M5: =IF(SCAN!K5<>"-",SCAN!D5,0) -> 0 | N5: =IF(SCAN!K5<>"-",SCAN!E5,0) -> 0 | O5: =IF(SCAN!K5<>"-",SCAN!F5,0) -> 0 | R5: =IF(SCAN!Q5<>"-",SCAN!D5,0) -> 0 | S5: =IF(SCAN!Q5<>"-",SCAN!E5,0) -> 0 | T5: =IF(SCAN!Q5<>"-",SCAN!F5,0) -> 0
H6: =IF(AND(SCAN!K6="-",SCAN!Q6="-"),SCAN!D6,0) -> 0 | I6: =IF(AND(SCAN!K6="-",SCAN!Q6="-"),SCAN!E6,0) -> 0 | J6: =IF(AND(SCAN!K6="-",SCAN!Q6="-"),SCAN!F6,0) -> 0 | M6: =IF(SCAN!K6<>"-",SCAN!D6,0) -> 0 | N6: =IF(SCAN!K6<>"-",SCAN!E6,0) -> 0 | O6: =IF(SCAN!K6<>"-",SCAN!F6,0) -> 0 | R6: =IF(SCAN!Q6<>"-",SCAN!D6,0) -> 0 | S6: =IF(SCAN!Q6<>"-",SCAN!E6,0) -> 0 | T6: =IF(SCAN!Q6<>"-",SCAN!F6,0) -> 0
H7: =IF(AND(SCAN!K7="-",SCAN!Q7="-"),SCAN!D7,0) -> 0 | I7: =IF(AND(SCAN!K7="-",SCAN!Q7="-"),SCAN!E7,0) -> 0 | J7: =IF(AND(SCAN!K7="-",SCAN!Q7="-"),SCAN!F7,0) -> 0 | M7: =IF(SCAN!K7<>"-",SCAN!D7,0) -> 0 | N7: =IF(SCAN!K7<>"-",SCAN!E7,0) -> 0 | O7: =IF(SCAN!K7<>"-",SCAN!F7,0) -> 0 | R7: =IF(SCAN!Q7<>"-",SCAN!D7,0) -> 0 | S7: =IF(SCAN!Q7<>"-",SCAN!E7,0) -> 0 | T7: =IF(SCAN!Q7<>"-",SCAN!F7,0) -> 0
A8: check | B8: =SUM(B3:B5) -> 0 | C8: =SUM(C3:C5) -> 0 | D8: =SUM(D3:D5) -> 0 | H8: =IF(AND(SCAN!K8="-",SCAN!Q8="-"),SCAN!D8,0) -> 0 | I8: =IF(AND(SCAN!K8="-",SCAN!Q8="-"),SCAN!E8,0) -> 0 | J8: =IF(AND(SCAN!K8="-",SCAN!Q8="-"),SCAN!F8,0) -> 0 | M8: =IF(SCAN!K8<>"-",SCAN!D8,0) -> 0 | N8: =IF(SCAN!K8<>"-",SCAN!E8,0) -> 0 | O8: =IF(SCAN!K8<>"-",SCAN!F8,0) -> 0 | R8: =IF(SCAN!Q8<>"-",SCAN!D8,0) -> 0 | S8: =IF(SCAN!Q8<>"-",SCAN!E8,0) -> 0 | T8: =IF(SCAN!Q8<>"-",SCAN!F8,0) -> 0
H9: =IF(AND(SCAN!K9="-",SCAN!Q9="-"),SCAN!D9,0) -> 0 | I9: =IF(AND(SCAN!K9="-",SCAN!Q9="-"),SCAN!E9,0) -> 0 | J9: =IF(AND(SCAN!K9="-",SCAN!Q9="-"),SCAN!F9,0) -> 0 | M9: =IF(SCAN!K9<>"-",SCAN!D9,0) -> 0 | N9: =IF(SCAN!K9<>"-",SCAN!E9,0) -> 0 | O9: =IF(SCAN!K9<>"-",SCAN!F9,0) -> 0 | R9: =IF(SCAN!Q9<>"-",SCAN!D9,0) -> 0 | S9: =IF(SCAN!Q9<>"-",SCAN!E9,0) -> 0 | T9: =IF(SCAN!Q9<>"-",SCAN!F9,0) -> 0
H10: =IF(AND(SCAN!K10="-",SCAN!Q10="-"),SCAN!D10,0) -> 0 | I10: =IF(AND(SCAN!K10="-",SCAN!Q10="-"),SCAN!E10,0) -> 0 | J10: =IF(AND(SCAN!K10="-",SCAN!Q10="-"),SCAN!F10,0) -> 0 | M10: =IF(SCAN!K10<>"-",SCAN!D10,0) -> 0 | N10: =IF(SCAN!K10<>"-",SCAN!E10,0) -> 0 | O10: =IF(SCAN!K10<>"-",SCAN!F10,0) -> 0 | R10: =IF(SCAN!Q10<>"-",SCAN!D10,0) -> 0 | S10: =IF(SCAN!Q10<>"-",SCAN!E10,0) -> 0 | T10: =IF(SCAN!Q10<>"-",SCAN!F10,0) -> 0
H11: =IF(AND(SCAN!K11="-",SCAN!Q11="-"),SCAN!D11,0) -> 0 | I11: =IF(AND(SCAN!K11="-",SCAN!Q11="-"),SCAN!E11,0) -> 0 | J11: =IF(AND(SCAN!K11="-",SCAN!Q11="-"),SCAN!F11,0) -> 0 | M11: =IF(SCAN!K11<>"-",SCAN!D11,0) -> 0 | N11: =IF(SCAN!K11<>"-",SCAN!E11,0) -> 0 | O11: =IF(SCAN!K11<>"-",SCAN!F11,0) -> 0 | R11: =IF(SCAN!Q11<>"-",SCAN!D11,0) -> 0 | S11: =IF(SCAN!Q11<>"-",SCAN!E11,0) -> 0 | T11: =IF(SCAN!Q11<>"-",SCAN!F11,0) -> 0
H12: =IF(AND(SCAN!K12="-",SCAN!Q12="-"),SCAN!D12,0) -> 0 | I12: =IF(AND(SCAN!K12="-",SCAN!Q12="-"),SCAN!E12,0) -> 0 | J12: =IF(AND(SCAN!K12="-",SCAN!Q12="-"),SCAN!F12,0) -> 0 | M12: =IF(SCAN!K12<>"-",SCAN!D12,0) -> 0 | N12: =IF(SCAN!K12<>"-",SCAN!E12,0) -> 0 | O12: =IF(SCAN!K12<>"-",SCAN!F12,0) -> 0 | R12: =IF(SCAN!Q12<>"-",SCAN!D12,0) -> 0 | S12: =IF(SCAN!Q12<>"-",SCAN!E12,0) -> 0 | T12: =IF(SCAN!Q12<>"-",SCAN!F12,0) -> 0
H13: =IF(AND(SCAN!K13="-",SCAN!Q13="-"),SCAN!D13,0) -> 0 | I13: =IF(AND(SCAN!K13="-",SCAN!Q13="-"),SCAN!E13,0) -> 0 | J13: =IF(AND(SCAN!K13="-",SCAN!Q13="-"),SCAN!F13,0) -> 0 | M13: =IF(SCAN!K13<>"-",SCAN!D13,0) -> 0 | N13: =IF(SCAN!K13<>"-",SCAN!E13,0) -> 0 | O13: =IF(SCAN!K13<>"-",SCAN!F13,0) -> 0 | R13: =IF(SCAN!Q13<>"-",SCAN!D13,0) -> 0 | S13: =IF(SCAN!Q13<>"-",SCAN!E13,0) -> 0 | T13: =IF(SCAN!Q13<>"-",SCAN!F13,0) -> 0
H14: =IF(AND(SCAN!K14="-",SCAN!Q14="-"),SCAN!D14,0) -> 0 | I14: =IF(AND(SCAN!K14="-",SCAN!Q14="-"),SCAN!E14,0) -> 0 | J14: =IF(AND(SCAN!K14="-",SCAN!Q14="-"),SCAN!F14,0) -> 0 | M14: =IF(SCAN!K14<>"-",SCAN!D14,0) -> 0 | N14: =IF(SCAN!K14<>"-",SCAN!E14,0) -> 0 | O14: =IF(SCAN!K14<>"-",SCAN!F14,0) -> 0 | R14: =IF(SCAN!Q14<>"-",SCAN!D14,0) -> 0 | S14: =IF(SCAN!Q14<>"-",SCAN!E14,0) -> 0 | T14: =IF(SCAN!Q14<>"-",SCAN!F14,0) -> 0
H15: =IF(AND(SCAN!K15="-",SCAN!Q15="-"),SCAN!D15,0) -> 0 | I15: =IF(AND(SCAN!K15="-",SCAN!Q15="-"),SCAN!E15,0) -> 0 | J15: =IF(AND(SCAN!K15="-",SCAN!Q15="-"),SCAN!F15,0) -> 0 | M15: =IF(SCAN!K15<>"-",SCAN!D15,0) -> 0 | N15: =IF(SCAN!K15<>"-",SCAN!E15,0) -> 0 | O15: =IF(SCAN!K15<>"-",SCAN!F15,0) -> 0 | R15: =IF(SCAN!Q15<>"-",SCAN!D15,0) -> 0 | S15: =IF(SCAN!Q15<>"-",SCAN!E15,0) -> 0 | T15: =IF(SCAN!Q15<>"-",SCAN!F15,0) -> 0
H16: =IF(AND(SCAN!K16="-",SCAN!Q16="-"),SCAN!D16,0) -> 0 | I16: =IF(AND(SCAN!K16="-",SCAN!Q16="-"),SCAN!E16,0) -> 0 | J16: =IF(AND(SCAN!K16="-",SCAN!Q16="-"),SCAN!F16,0) -> 0 | M16: =IF(SCAN!K16<>"-",SCAN!D16,0) -> 0 | N16: =IF(SCAN!K16<>"-",SCAN!E16,0) -> 0 | O16: =IF(SCAN!K16<>"-",SCAN!F16,0) -> 0 | R16: =IF(SCAN!Q16<>"-",SCAN!D16,0) -> 0 | S16: =IF(SCAN!Q16<>"-",SCAN!E16,0) -> 0 | T16: =IF(SCAN!Q16<>"-",SCAN!F16,0) -> 0
H17: =IF(AND(SCAN!K17="-",SCAN!Q17="-"),SCAN!D17,0) -> 0 | I17: =IF(AND(SCAN!K17="-",SCAN!Q17="-"),SCAN!E17,0) -> 0 | J17: =IF(AND(SCAN!K17="-",SCAN!Q17="-"),SCAN!F17,0) -> 0 | M17: =IF(SCAN!K17<>"-",SCAN!D17,0) -> 0 | N17: =IF(SCAN!K17<>"-",SCAN!E17,0) -> 0 | O17: =IF(SCAN!K17<>"-",SCAN!F17,0) -> 0 | R17: =IF(SCAN!Q17<>"-",SCAN!D17,0) -> 0 | S17: =IF(SCAN!Q17<>"-",SCAN!E17,0) -> 0 | T17: =IF(SCAN!Q17<>"-",SCAN!F17,0) -> 0
H18: =IF(AND(SCAN!K18="-",SCAN!Q18="-"),SCAN!D18,0) -> 0 | I18: =IF(AND(SCAN!K18="-",SCAN!Q18="-"),SCAN!E18,0) -> 0 | J18: =IF(AND(SCAN!K18="-",SCAN!Q18="-"),SCAN!F18,0) -> 0 | M18: =IF(SCAN!K18<>"-",SCAN!D18,0) -> 0 | N18: =IF(SCAN!K18<>"-",SCAN!E18,0) -> 0 | O18: =IF(SCAN!K18<>"-",SCAN!F18,0) -> 0 | R18: =IF(SCAN!Q18<>"-",SCAN!D18,0) -> 0 | S18: =IF(SCAN!Q18<>"-",SCAN!E18,0) -> 0 | T18: =IF(SCAN!Q18<>"-",SCAN!F18,0) -> 0
H19: =IF(AND(SCAN!K19="-",SCAN!Q19="-"),SCAN!D19,0) -> 0 | I19: =IF(AND(SCAN!K19="-",SCAN!Q19="-"),SCAN!E19,0) -> 0 | J19: =IF(AND(SCAN!K19="-",SCAN!Q19="-"),SCAN!F19,0) -> 0 | M19: =IF(SCAN!K19<>"-",SCAN!D19,0) -> 0 | N19: =IF(SCAN!K19<>"-",SCAN!E19,0) -> 0 | O19: =IF(SCAN!K19<>"-",SCAN!F19,0) -> 0 | R19: =IF(SCAN!Q19<>"-",SCAN!D19,0) -> 0 | S19: =IF(SCAN!Q19<>"-",SCAN!E19,0) -> 0 | T19: =IF(SCAN!Q19<>"-",SCAN!F19,0) -> 0
H20: =IF(AND(SCAN!K20="-",SCAN!Q20="-"),SCAN!D20,0) -> 0 | I20: =IF(AND(SCAN!K20="-",SCAN!Q20="-"),SCAN!E20,0) -> 0 | J20: =IF(AND(SCAN!K20="-",SCAN!Q20="-"),SCAN!F20,0) -> 0 | M20: =IF(SCAN!K20<>"-",SCAN!D20,0) -> 0 | N20: =IF(SCAN!K20<>"-",SCAN!E20,0) -> 0 | O20: =IF(SCAN!K20<>"-",SCAN!F20,0) -> 0 | R20: =IF(SCAN!Q20<>"-",SCAN!D20,0) -> 0 | S20: =IF(SCAN!Q20<>"-",SCAN!E20,0) -> 0 | T20: =IF(SCAN!Q20<>"-",SCAN!F20,0) -> 0
... H1200: =IF(AND(SCAN!K1200="-",SCAN!Q1200="-"),SCAN!D1200,0) -> 0 | I1200: =IF(AND(SCAN!K1200="-",SCAN!Q1200="-"),SCAN!E1200,0) -> 0 | J1200: =IF(AND(SCAN!K1200="-",SCAN!Q1200="-"),SCAN!F1200,0) -> 0 | M1200: =IF(SCAN!K1200<>"-",SCAN!D1200,0) -> 0 | N1200: =IF(SCAN!K1200<>"-",SCAN!E1200,0) -> 0 | O1200: =IF(SCAN!K1200<>"-",SCAN!F1200,0) -> 0 | R1200: =IF(SCAN!Q1200<>"-",SCAN!D1200,0) -> 0 | S1200: =IF(SCAN!Q1200<>"-",SCAN!E1200,0) -> 0 | T1200: =IF(SCAN!Q1200<>"-",SCAN!F1200,0) -> 0
